recordID,state,account_length,area_code,international_plan,voice_mail_plan,number_vmail_messages,total_day_minutes,total_day_calls,total_day_charge,total_eve_minutes,total_eve_calls,total_eve_charge,total_night_minutes,total_night_calls,total_night_charge,total_intl_minutes,total_intl_calls,total_intl_charge,number_customer_service_calls,customer_id
12893,MT,164,510,yes,yes,41,285.0965382217213,147,6.372149644872434,17.967914800520894,33,4.1926702990555995,391.9843794286837,173,10.74592025712182,18.101577317138528,17,5.002395114921486,5,1128063047881094.8
12894,MD,143,415,yes,no,45,85.0053961121433,43,54.56808136116268,305.08144261991305,90,21.58860513113713,116.56805621779559,72,5.053740956050461,15.04428492411892,16,1.4314726475433919,6,13684960745597.9
12895,TX,61,415,yes,yes,31,202.0869987388211,70,46.13384443328585,221.8326630598127,54,3.538651177582422,195.12626714044697,54,3.7008159546824757,12.49149237185627,1,5.3548033574368015,8,2580218616296714.0
12896,MN,75,415,yes,no,27,270.0585500139252,28,25.318659233154445,11.95744867846306,123,24.205955758004187,198.79783619102668,55,13.810645774262277,18.476494289665112,14,1.3750661313119672,3,2042344018030213.2
12897,MD,159,408,yes,no,51,276.8571873827138,77,50.06260811558352,225.61263856758922,165,7.629469469509765,243.5251013914109,115,17.668308466402948,3.2045509936199434,5,1.4242179005398174,3,3078894798935344.0
12898,NM,104,408,no,no,7,185.4576483182843,130,19.64254648717694,221.733716281621,89,1.4521313003376055,272.80073058903616,98,11.072851875039872,2.371452187633365,6,2.9704483210657577,0,1806734384752732.0
12899,SC,116,408,no,yes,29,217.8960324024634,9,26.850711475797887,327.53400523739197,1,11.525321619283483,43.360662037759326,81,12.66099676383299,16.019489939768373,1,1.5677691437092403,8,583851571654666.1
12900,WI,4,408,yes,yes,44,315.2146787660305,95,26.034243000542187,256.4075597535142,13,19.063137659868637,320.79753941537587,110,3.801552894263163,9.152425660603527,11,4.945732797199157,0,1620955344091073.2
